<!-- Indices written at Sun, 27 Sep 2009 06:13:15 ICT -->

<datastore-indexes>

    <!-- Used 2 times in query history -->
    <datastore-index kind="track" ancestor="false" source="auto">
        <property name="TRACKEDID" direction="asc"/>
        <property name="BEGINTIME" direction="desc"/>
    </datastore-index>

    <!-- Used 2 times in query history -->
    <datastore-index kind="track" ancestor="false" source="auto">
        <property name="TRACKEDID" direction="asc"/>
        <property name="BEGINTIME" direction="asc"/>
    </datastore-index>

    <!-- Used 1 time in query history -->
    <datastore-index kind="waypoint" ancestor="false" source="auto">
        <property name="TRACKID" direction="asc"/>
        <property name="TIME" direction="desc"/>
    </datastore-index>

    <!-- Used 1 time in query history -->
    <datastore-index kind="waypoint" ancestor="false" source="auto">
        <property name="TRACKID" direction="asc"/>
        <property name="TIME" direction="asc"/>
    </datastore-index>

</datastore-indexes>
