<?xml version="1.0" encoding="UTF-8"?>
<!DOCTYPE module PUBLIC "-//Google Inc.//DTD Google Web Toolkit 1.7.0//EN" "http://google-web-toolkit.googlecode.com/svn/tags/1.7.0/distro-source/core/src/gwt-module.dtd">
<module rename-to="admin">

	<inherits name="com.google.gwt.user.User" />
	<inherits name="com.gwtext.GwtExt" />
	<inherits name='com.google.gwt.user.theme.standard.Standard' />
	<inherits name="com.google.gwt.maps.GoogleMaps" />
	
	<inherits name="com.bkitmobile.poma.database.database" />
	<inherits name="com.bkitmobile.poma.mail.mail" />
	
	<entry-point class='com.bkitmobile.poma.admin.client.Admin' />
	
<!--	<servlet path="/bkitpoma/db" class="com.bkitmobile.poma.server.database.DatabaseServiceImpl" />-->
	
	<!-- Entrypoint class -->
	
</module>